Subject,Start date,Start time,End Time,Description
КБС: ПЗК – МЕНЕСТРЕЛИ. Глагол,20/04/2026,19:00 PM,23:00 PM,КБС 20.04 пн: ПЗК – МЕНЕСТРЕЛИ. Глагол
КБС: 1163 – ИЛИ. Усы на пене,21/04/2026,19:00 PM,23:00 PM,КБС 21.04 вт: 1163 – ИЛИ. Усы на пене
КБС: АПОСТРОФ – ВИНЕТА. В ладах,27/04/2026,19:00 PM,23:00 PM,КБС 27.04 пн: АПОСТРОФ – ВИНЕТА. В ладах
КБС: ИЛИ - ВИНОМ. Арт-Холл,28/04/2026,19:00 PM,23:00 PM,КБС 28.04 вт: ИЛИ - ВИНОМ. Арт-Холл
КБС: МЕНЕСТРЕЛИ – ОБОРМОТЫ. Чертог,04/05/2026,19:00 PM,23:00 PM,КБС 04.05 пн: МЕНЕСТРЕЛИ – ОБОРМОТЫ. Чертог
КБС: 1163 – БЛИНЫ. Усы на пене,05/05/2026,19:00 PM,23:00 PM,КБС 05.05 вт: 1163 – БЛИНЫ. Усы на пене
КБС: СОСТАВ – ВИНЕТА. Кассета,06/05/2026,19:00 PM,23:00 PM,КБС 06.05 ср: СОСТАВ – ВИНЕТА. Кассета
КБС: БОЛТ – ВЕСЕЛЫЕ РЕБЯТА. ФФ,07/05/2026,19:00 PM,23:00 PM,КБС 07.05 чт: БОЛТ – ВЕСЕЛЫЕ РЕБЯТА. ФФ
КБС: ПЗК – ОБОРМОТЫ. Глагол,09/05/2026,19:00 PM,23:00 PM,КБС 09.05 пн: ПЗК – ОБОРМОТЫ. Глагол
КБС: ВИНОМ – МЕНЕСТРЕЛИ. Куокка,12/05/2026,19:00 PM,23:00 PM,КБС 12.05 вт: ВИНОМ – МЕНЕСТРЕЛИ. Куокка
КБС: ВИНЕТА – ПЫЖЫКИ. Место Встречи,17/05/2026,19:00 PM,23:00 PM,КБС 17.05 вс: ВИНЕТА – ПЫЖЫКИ. Место Встречи
КБС: АПОСТРОФ – БОЛТ. В ладах,18/05/2026,19:00 PM,23:00 PM,КБС 18.05 пн: АПОСТРОФ – БОЛТ. В ладах
КБС: ВИНОМ – 1163. Куокка,19/05/2026,19:00 PM,23:00 PM,КБС 19.05 вт: ВИНОМ – 1163. Куокка
КБС: СОСТАВ – ВЕСЕЛЫЕ РЕБЯТА. Кассета,20/05/2026,19:00 PM,23:00 PM,КБС 20.05 ср: СОСТАВ – ВЕСЕЛЫЕ РЕБЯТА. Кассета
КБС: ВИНОМ —  БЛИНЫ. Куокка,21/05/2026,19:00 PM,23:00 PM,КБС 21.05 чт: ВИНОМ —  БЛИНЫ. Куокка
КБС: БЛИНЫ – ПЗК. В ладах,24/05/2026,19:00 PM,23:00 PM,КБС 24.05 вс: БЛИНЫ – ПЗК. В ладах
КБС: ПЫЖЫКИ – БОЛТ. Глагол,25/05/2026,19:00 PM,23:00 PM,КБС 25.05 пн: ПЫЖЫКИ – БОЛТ. Глагол
КБС: ОБОРМОТЫ – 1163. ФФН,26/05/2026,19:00 PM,23:00 PM,КБС 26.05 вт: ОБОРМОТЫ – 1163. ФФН
КБС: АПОСТРОФ – ВЕСЕЛЫЕ РЕБЯТА. В ладах,27/05/2026,19:00 PM,23:00 PM,КБС 27.05 ср: АПОСТРОФ – ВЕСЕЛЫЕ РЕБЯТА. В ладах
КБС: СОСТАВ – ПЫЖЫКИ. Кассета,28/05/2026,19:00 PM,23:00 PM,КБС 28.05 чт: СОСТАВ – ПЫЖЫКИ. Кассета
КБС: АПОСТРОФ – ПЫЖЫКИ. В ладах,02/06/2026,19:00 PM,23:00 PM,КБС 02.06 вт: АПОСТРОФ – ПЫЖЫКИ. В ладах
КБС: ОБОРМОТЫ – ИЛИ. ФФН,03/06/2026,19:00 PM,23:00 PM,КБС 03.06 ср: ОБОРМОТЫ – ИЛИ. ФФН
КБС: 1163 – МЕНЕСТРЕЛИ. Усы на пене,04/06/2026,19:00 PM,23:00 PM,КБС 04.06 чт: 1163 – МЕНЕСТРЕЛИ. Усы на пене
КБС: ВИНЕТА – БОЛТ. Место встречи,08/06/2026,19:00 PM,23:00 PM,КБС 08.06 пн: ВИНЕТА – БОЛТ. Место встречи
КБС: МЕНЕСТРЕЛИ – БЛИНЫ. Чертог,09/06/2026,19:00 PM,23:00 PM,КБС 09.06 вт: МЕНЕСТРЕЛИ – БЛИНЫ. Чертог
КБС: ПЗК – ВИНОМ. Глагол,10/06/2026,19:00 PM,23:00 PM,КБС 10.06 ср: ПЗК – ВИНОМ. Глагол
КБС: АПОСТРОФ – СОСТАВ. В ладах,15/06/2026,19:00 PM,23:00 PM,КБС 15.06 пн: АПОСТРОФ – СОСТАВ. В ладах
КБС: БЛИНЫ - ИЛИ. В Ладах,16/05/2026,19:00 PM,23:00 PM,КБС 16.05 вт: БЛИНЫ - ИЛИ. В Ладах
КБС: 1163 – ПЗК. Усы на пене,17/06/2026,19:00 PM,23:00 PM,КБС 17.06 ср: 1163 – ПЗК. Усы на пене
КБС: ВИНЕТА – ВЕСЕЛЫЕ РЕБЯТА. Место Встречи,18/06/2026,19:00 PM,23:00 PM,КБС 18.06 чт: ВИНЕТА – ВЕСЕЛЫЕ РЕБЯТА. Место Встречи
КБС: ИЛИ – МЕНЕСТРЕЛИ. Арт-Холл,19/06/2026,19:00 PM,23:00 PM,КБС 19.06 пт: ИЛИ – МЕНЕСТРЕЛИ. Арт-Холл
КБС: ОБОРМОТЫ – ВИНОМ. ФФН,23/06/2026,19:00 PM,23:00 PM,КБС 23.06 вт: ОБОРМОТЫ – ВИНОМ. ФФН
КБС: ПЫЖЫКИ – ВЕСЕЛЫЕ РЕБЯТА. Глагол,24/06/2026,19:00 PM,23:00 PM,КБС 24.06 ср: ПЫЖЫКИ – ВЕСЕЛЫЕ РЕБЯТА. Глагол
КБС: СОСТАВ – БОЛТ. Кассета,25/06/2026,19:00 PM,23:00 PM,КБС 25.06 чт: СОСТАВ – БОЛТ. Кассета
КБС: БЛИНЫ – ОБОРМОТЫ. В ладах,29/06/2026,19:00 PM,23:00 PM,КБС 29.06 пн: БЛИНЫ – ОБОРМОТЫ. В ладах
КБС: ПЗК – ИЛИ. Глагол,30/06/2026,19:00 PM,23:00 PM,КБС 30.06 вт: ПЗК – ИЛИ. Глагол
